"felvetel.eve","Subject","X1","X10","X100","X101","X102","X103","X104","X105","X106","X107","X108","X109","X11","X110","X111","X112","X113","X114","X12","X13","X14","X15","X16","X17","X18","X19","X2","X20","X21","X22","X23","X24","X25","X26","X27","X28","X29","X3","X30","X31","X32","X33","X34","X35","X36","X37","X38","X39","X4","X40","X41","X42","X43","X44","X45","X46","X47","X48","X49","X5","X50","X51","X52","X53","X54","X55","X56","X57","X58","X59","X6","X60","X61","X62","X63","X64","X65","X66","X67","X68","X69","X7","X70","X71","X72","X73","X74","X75","X76","X77","X78","X79","X8","X80","X81","X82","X83","X84","X85","X86","X87","X88","X89","X9","X90","X91","X92","X93","X94","X95","X96","X97","X98","X99"
2015,103,,,,340,,310,,267,,326,319,302,,263,294,341,318,326,331,,,,,,,,,,,314,322,,343,,,,,,,337,,,,284,,,,,,,,,,,,,,,334,,336,307,327,,312,269,307,,,,343,309,314,327,,330,,,316,339,,,,342,,,317,,,340,342,,,286,,,,,,,329,321,344,,,,320,287,285,,,328,,340
2015,105,359,446,399,372,274,482,374,353,418,,362,376,476,474,349,,399,350,370,328,386,349,318,422,476,275,413,295,,374,326,361,,306,394,456,333,342,380,447,331,342,370,364,381,347,336,348,,,366,345,326,,477,410,475,333,374,362,350,420,387,369,319,468,,400,445,367,453,418,321,364,292,366,364,403,,384,336,382,319,407,316,399,366,412,,409,394,,,473,411,414,457,411,423,477,349,454,459,329,439,382,359,458,478,365,393,394,,444
2015,107,556,500,433,390,462,,443,455,410,,388,384,486,441,428,381,375,444,573,461,519,497,388,471,504,460,526,360,435,,338,488,,393,373,546,482,545,,382,484,,512,515,535,502,453,398,446,358,393,423,443,483,345,545,476,578,430,432,422,385,397,489,370,424,447,500,385,402,453,346,396,466,451,361,379,410,319,327,425,529,489,426,429,546,387,448,539,454,369,407,,472,421,439,391,404,455,395,547,327,464,417,403,448,469,427,434,546,,397,372,469
2015,112,268,337,306,,,,,,316,,330,,343,400,328,323,,,378,378,,319,401,297,361,351,,303,,360,318,,356,299,341,,,,363,,386,,362,352,283,404,,394,347,,,353,,218,,372,394,,315,246,277,,,,381,343,384,395,387,,,362,272,,,312,354,,,,374,371,355,,,,,,,351,,375,,342,316,368,,301,307,269,392,,302,356,,,,294,323,,,,,366
2015,113,,,,,,,,,,,,,,,,,,,,,,,,,,,,,,,,,,,,,,,,271,,,,,,,,,,,,,,,,,,,,,,,,258,,,,,,,,,272,,,,,,,,,,,,,,,,,,,,,,,,,,,,,,,,,,,,,,,,,
2015,114,459,420,,441,408,438,430,427,548,624,459,368,427,376,504,510,467,511,431,594,415,,634,672,,641,429,683,,432,355,451,935,638,466,426,946,471,,608,492,383,510,626,346,369,,512,405,386,448,414,507,502,,472,481,460,479,535,422,415,,607,614,549,665,615,464,,462,556,492,569,444,456,471,457,578,667,606,396,352,472,521,488,621,457,512,446,456,306,351,402,326,396,431,438,540,503,434,,490,576,372,416,,549,564,424,473,366,434,327
2015,115,321,287,372,320,368,363,441,,384,436,,,268,374,373,381,403,418,286,348,387,369,357,308,308,263,319,325,335,347,347,390,344,280,362,362,336,307,337,334,326,384,350,325,313,341,324,392,310,364,362,295,341,331,308,393,,339,260,354,,,441,398,273,341,,373,342,354,321,369,397,359,369,,395,,324,,391,305,383,298,343,340,312,362,401,321,309,361,330,346,270,323,,335,367,355,315,438,,285,362,,350,400,385,,355,349,,381
2015,117,,330,,346,310,,311,,,,,,302,308,,,,335,352,342,359,305,,,355,,,336,,,292,318,,,324,312,330,,341,318,,,,,283,349,349,283,,,352,,,344,,,306,,305,,320,308,338,,342,,,337,,,345,,,350,,,,,,,,,,,,344,,,,,315,,,345,,354,,,,,,,,328,,,,312,,,339,,275,344
2015,123,,392,408,,,381,,,,397,363,,299,,,,,383,370,405,,,398,,333,,,,,,,,,397,,390,364,,,381,390,398,,405,,,396,348,395,,,379,,,,,,394,,,,,,,,383,,407,403,,349,370,,353,306,,398,408,,,,391,,,,,404,,,,,356,398,,406,358,351,,355,387,358,,,,,,,336,,,,,398,338
2015,125,,,,,,272,,,,,,,,,,,,,,,,,,,,,,,,,,274,,,292,,,,,,,,,,,,,,,,,,,,,,,,,,,,,,,,,,,,,,,,,,,,,,,,,,,,,,,,,,,,,,,,,,,,,,,,,,,,,,,
2015,127,,3007,1337,1778,2150,824,669,536,,710,998,,,,,1871,,2694,723,467,,530,582,455,540,622,718,,437,550,413,,470,604,512,,966,589,,661,685,4216,509,,520,552,808,2466,,530,2735,974,3552,541,498,627,952,,405,744,548,2344,699,747,427,465,3937,441,408,489,546,447,598,2544,732,2626,3377,884,708,479,1373,796,679,485,602,655,441,2512,609,4062,2006,667,462,3272,732,678,533,2051,511,531,633,780,534,422,541,1584,705,461,621,756,2135,532,3957,2340
2015,128,818,664,730,746,,750,599,,611,,604,695,778,,877,,483,1027,685,834,840,923,804,594,857,647,826,,758,728,501,851,907,789,851,782,717,756,878,716,710,,699,592,683,671,,666,486,597,,640,445,523,400,539,481,487,488,581,515,423,647,574,515,,,631,543,,628,708,944,529,658,745,764,,532,,540,782,,628,,827,,726,601,428,507,461,612,704,539,714,543,546,519,444,328,,678,746,942,566,441,436,,945,,,447,687
2015,130,,,,,,,,,,,,,,230,,,,,,,,,,,,,,,,,,,,,,,,,,,,,,,,,,,,,,,,,,,,244,,,,,,,,,,,,,,,,,,,,,,,,,,,,,,,,,,,,,,,,,,,,,,,,,,,,,,,,
2015,154,466,425,470,473,478,448,455,371,,,,322,454,392,377,342,323,490,,,394,323,476,357,405,324,395,340,399,315,368,364,358,330,345,360,373,404,390,418,388,357,438,376,,483,317,386,437,,380,371,389,415,378,387,347,420,475,392,404,422,,,,469,,413,,392,476,316,,363,391,,406,392,386,415,411,396,373,332,359,420,,395,,,359,464,456,379,320,350,355,,439,362,466,397,407,389,444,318,376,361,,477,394,356,403,382
2015,155,341,,316,,357,,,,,,,,320,,,,,,,359,,348,,,,,,,,,311,,,286,,,,,,,,,,370,,,,,,,,,,,,,,344,322,354,361,360,,,,,,,,,,,,,301,342,327,351,205,,,,,,,,364,,,,,,,,,338,,,,,,,,357,,,375,,,,,,,328
2015,156,383,328,366,,,,,321,,381,,,382,,,,345,210,,,349,302,,311,335,305,,323,347,334,316,330,340,,347,,355,357,,287,,,265,308,,290,310,,363,358,368,354,343,,347,382,,353,320,294,347,286,,,,,,373,376,,,,303,381,355,,325,321,,,,347,,,,336,,370,,,,,365,,,,,,375,,316,,314,342,347,342,,,,,,,,
2015,157,,,,,,,,,,,,,,,,,,,,,,,,,,,,,,,271,,,,,,,,,,,,,,,,,,,,,,,,,,,,,,,,,,,,,,,,,,,,,,,,,,,,,,,,,,,,,,,,,,,,,,,,,,,,,,,,,,,
2015,158,,374,395,,,384,,,,,371,,339,,,,,,371,,,384,348,335,344,329,346,311,267,347,332,348,,,,,,359,383,,,,,,,383,377,,342,,364,,377,,348,348,,344,,,347,343,382,,,372,316,,381,387,,,391,372,,,,,295,,,,,,,,379,,,,,,,,,,386,381,380,,350,358,390,377,391,367,,,,,,,,
2015,162,,,,,,,,,,,,,,,,,,,,,,,,309,,,,,,,,,,,,,,,,,,,,,,,,,,,,,,,,,,,336,,,,,,,,337,,,320,304,,,,,,,,,,,,,,,,,,,,,,,,,,,,,,,,,,,,,,,,,,,
2015,164,536,,,,483,,,,522,,,,509,,514,447,501,488,465,403,482,,422,,439,359,485,397,,,,,500,537,,,498,527,,,,,,,471,450,447,529,,513,532,,,,436,,,502,493,520,492,486,,,,502,,,415,524,,512,,,484,472,,,,,,,,532,,,,,,,,,510,,,452,509,,,,,,,,,527,,,,,,,,
2015,167,,,,,,,,,,,,,,,,,,,,,,,,,,,,,,,,,,,,,,,,,,,,,,,,,,,,,,,,,,,,,,,,,,,,,,223,,,,,,,,,,,,,,,,,,,,,,,,,,,,,,,,,,,,,,,,,,,,
2015,168,370,318,,,365,426,424,374,,,,386,392,,363,363,418,,,,398,414,363,,385,,,,,363,,297,332,367,415,400,365,,410,399,355,,399,306,340,279,,339,,,334,345,350,399,370,,,397,338,,,425,,424,430,432,354,,401,,413,,393,364,356,,,,334,303,410,,352,313,395,366,354,273,421,360,328,338,,353,367,325,332,329,365,357,357,402,,394,383,,345,317,342,358,283,350,328,338
2015,169,,,,,,,,,,,333,350,,,,,354,,331,,,,,,,,,,,,,,,,,,,,,,341,,,,,,,,,,,,,,,,,,,,,,,,,,,,,,,,,,,,,,,,340,,347,,,,,,,,,,,,,,,,,,,,,346,,,,,,,,,,
2015,205,,,,475,310,,,449,,,,,,464,,,436,334,447,459,,427,336,474,,,,,434,465,441,377,381,269,471,,462,,451,414,347,353,349,326,287,286,330,388,,,399,,402,,392,364,381,,377,,308,396,,,,,,,,,,,,414,380,430,400,,291,373,,,,,454,309,350,382,428,414,223,,,,324,243,465,435,261,338,256,,378,,,,384,406,,,447,411,347,362
2015,206,672,480,605,314,,,,525,,,625,544,456,,579,,,,534,562,649,449,357,287,539,437,397,420,551,450,566,622,455,345,414,385,361,446,,428,433,392,513,531,340,352,383,518,466,511,574,424,503,488,,474,583,486,503,465,368,492,401,497,576,480,,336,325,329,449,300,412,554,414,358,438,438,,605,512,492,499,489,446,343,457,584,,469,552,331,534,457,418,369,331,411,414,501,365,,492,542,543,335,,464,504,590,513,332,564,396
2015,322,308,383,418,,351,350,,344,376,567,401,379,390,384,376,325,373,496,334,341,324,332,451,305,340,332,347,329,332,364,423,371,396,338,394,346,351,352,520,368,415,489,416,,368,319,351,367,402,406,366,343,353,423,375,353,377,353,326,340,402,379,415,337,344,331,366,358,388,300,354,363,360,,411,365,438,360,435,,401,379,521,367,388,349,386,396,370,321,324,332,401,454,365,314,382,405,,427,445,461,390,,427,393,410,335,421,494,341,356,357,384
2015,324,,,,308,321,,,,,,,,,317,,,,325,,327,,278,,,,,,263,,,,,,,,,,,,,,,,324,299,,328,319,,,,325,,,291,,,,,,,,,,276,318,,,,,,,319,,,,,,,,,,,,,,,,322,,,,,,321,,,324,,289,305,,,,,,,,,,,,328,310
2015,325,531,335,358,358,318,386,353,,400,400,454,461,441,364,417,420,504,499,524,663,342,323,332,388,315,374,493,322,305,305,340,367,387,339,319,341,415,363,382,304,339,314,458,,398,339,419,391,432,399,347,392,413,396,443,344,346,341,427,466,326,344,339,405,445,391,449,374,477,341,432,483,390,331,433,321,419,393,424,457,487,444,444,,369,442,517,481,427,430,427,556,355,421,420,473,457,417,421,410,384,512,471,400,649,330,306,396,421,494,343,439,359,335
2015,326,366,,,368,,,,,,,,363,348,,,,,,358,,,364,,339,386,342,,310,,,312,,,359,,381,,,,352,386,,,,360,385,364,,,,378,362,,,387,,357,,387,352,359,,378,,367,,,,,377,,349,,,355,385,,377,372,,,,,,362,,,385,,375,,,,352,,361,353,,359,342,364,,,370,,351,,,,,,,,
2015,327,,,,,,,,,,,,,,,,,,,,,,,,,,,,,,,,,,,,,,,,,,,,,,,,,,,,,,,,,,,,,,,,,,,,,,,,,,,,,,,,,,,,,,,,,,,,,,,,,,,290,,271,,,,,,,,,,,,,
2015,328,,415,602,447,443,468,378,410,,486,473,,385,446,406,499,506,352,401,436,423,576,490,386,519,363,600,350,340,512,410,365,452,393,389,472,450,482,415,388,385,462,413,427,403,383,445,490,524,457,538,,,582,443,429,396,456,451,463,431,508,464,540,486,488,522,569,517,,547,553,,536,610,530,497,428,456,,527,542,599,449,455,458,414,387,609,455,485,432,514,513,438,435,467,431,368,396,466,455,485,501,532,,461,390,597,537,,557,524,
2015,329,297,,,,,,,,,,,,,,,,,332,342,324,,,,315,,,327,343,346,,313,307,,312,,334,276,,,323,311,,,,248,313,255,339,,,,,,,302,325,,302,297,274,322,,,,344,329,346,,,,237,,,336,335,,,337,,344,,324,313,,,,,,,,,295,,,,,322,,338,304,,,,,,,,,319,,,308,291,299
2015,330,533,657,501,466,465,493,499,446,449,487,494,361,,386,362,525,334,376,641,,596,597,632,,639,,713,557,448,335,385,304,476,350,,510,612,,476,540,,,475,539,476,393,451,421,,475,493,480,341,461,445,467,455,467,520,680,505,457,443,422,435,476,472,361,447,401,620,651,445,440,496,392,423,391,404,499,444,,495,574,405,371,454,417,554,410,455,491,,380,424,362,512,502,438,409,355,515,,,395,353,,505,525,433,615,424,,512
2015,332,496,453,573,482,437,799,630,503,513,558,504,575,423,498,386,549,458,644,418,592,609,395,463,372,505,506,455,386,473,548,654,442,484,531,553,558,439,422,556,541,344,710,685,600,429,415,454,429,561,505,406,442,503,424,574,486,530,,955,526,648,474,617,501,607,604,616,475,433,446,821,401,,610,401,451,627,367,381,493,630,465,397,992,575,384,451,,732,413,485,398,409,573,572,506,532,674,413,486,508,560,555,394,1348,410,845,627,992,655,641,1395,653,614
2015,334,,340,414,,,,,,,383,,299,327,388,390,402,337,,285,,331,207,,,,,444,395,,411,410,,,375,409,349,404,340,439,286,381,384,,391,314,337,,374,402,366,375,383,420,381,404,334,410,,353,339,373,451,354,,353,313,354,324,391,373,,352,,339,306,306,381,,419,329,403,403,368,370,450,415,389,365,438,322,,441,,326,357,367,437,327,294,394,344,,,423,341,398,432,348,,368,,330,384,370
2015,335,479,471,528,465,348,424,417,465,513,,584,410,470,,510,600,470,579,403,474,487,,600,416,439,496,451,352,446,386,383,479,401,330,369,355,440,533,447,562,496,446,471,475,549,464,464,,430,614,,497,553,494,443,543,464,455,516,460,449,447,582,,436,,432,520,519,452,535,482,492,542,569,473,486,598,436,,483,422,556,389,423,471,465,515,473,404,439,469,509,463,536,353,403,592,573,457,417,,506,461,427,478,446,406,441,546,545,525,541,436
2015,336,335,,595,370,351,286,357,725,391,404,426,265,436,358,302,630,677,311,358,308,343,364,303,327,340,291,376,325,330,296,280,281,283,314,318,356,319,365,336,358,358,292,397,398,328,315,263,346,387,298,,316,232,293,315,304,303,362,276,399,355,455,360,329,335,307,306,324,449,387,364,374,308,372,335,793,335,382,313,286,291,323,370,256,285,357,312,275,382,324,333,305,361,300,324,308,712,316,310,308,313,282,338,314,324,317,397,284,365,378,334,299,349,394
2015,337,385,312,532,419,503,527,567,415,488,,489,347,430,425,394,391,387,344,377,569,376,343,449,384,416,427,511,456,331,358,438,354,349,429,376,395,425,467,365,383,405,449,505,366,398,459,450,445,320,656,392,319,416,425,358,298,398,403,472,408,371,326,442,,449,420,508,423,497,452,418,396,386,467,447,617,,413,411,460,341,382,410,441,417,417,373,477,486,353,383,339,328,479,496,391,573,443,433,340,336,507,393,376,461,432,448,458,553,382,585,,480,467
2015,338,,,,,,,,,,,,,,,,,,,,,,,,,,,,,,,,,,,,,,,,,,,,,,,,,,,,,,,,,,,,,,,,,,,,,,,,,,241,,,,,,,,,,,,,,,,,,,,,273,,,,,,273,,,,,,,,,,,,,
2015,339,412,488,403,415,399,,368,430,361,,396,421,370,,370,424,435,,421,489,401,432,425,438,445,434,422,368,390,,351,416,442,472,406,391,393,449,408,387,431,363,395,411,365,288,430,387,485,,414,448,366,414,449,354,338,405,385,449,412,446,409,389,425,428,311,407,473,441,464,378,,426,424,408,388,483,372,332,,435,419,407,476,370,403,403,,487,377,363,465,390,401,,414,388,356,,387,354,344,441,455,393,379,401,496,455,,469,383,364
2015,340,,364,357,,386,,433,400,437,388,445,396,352,416,577,365,,418,432,,,366,574,403,473,413,557,489,496,347,436,398,428,530,418,531,394,482,467,397,422,558,326,358,417,408,408,,439,439,500,,426,409,433,520,409,352,352,476,423,376,443,506,,,550,496,571,525,505,474,542,443,535,492,378,433,486,487,551,362,626,480,416,476,503,454,471,428,330,380,,417,535,378,501,621,420,364,482,432,581,477,433,400,395,486,382,484,331,398,609,434
2015,342,441,431,475,,556,447,542,521,649,614,539,,478,572,506,491,418,412,494,582,556,307,446,372,575,391,745,368,492,371,429,506,495,491,433,415,443,518,460,395,432,529,611,423,458,455,422,451,417,647,477,497,672,506,517,480,497,383,441,680,427,371,516,430,532,524,453,408,428,461,553,694,673,602,563,488,480,402,487,574,,624,543,361,497,531,424,508,528,572,691,533,448,563,625,480,478,537,599,530,462,531,643,519,591,458,517,490,507,522,411,542,408,548
2015,344,478,429,500,525,584,496,583,485,527,446,447,447,425,520,418,488,379,402,424,397,343,584,487,415,349,489,407,478,487,353,493,363,352,342,319,,456,422,643,503,561,581,588,556,426,616,440,422,522,405,392,504,437,516,420,589,488,495,535,480,548,493,588,,,514,,612,510,620,407,559,455,570,509,652,567,,499,499,,489,509,469,583,,,,,499,606,506,449,597,588,665,604,630,645,604,446,,569,482,578,460,426,,422,576,555,520,520,588
2015,346,433,,452,472,,401,434,,,412,442,393,434,360,355,433,480,402,374,,355,362,365,407,452,329,486,316,425,478,366,404,429,341,,461,375,418,429,355,413,457,399,380,337,474,378,344,372,324,382,406,476,487,392,312,314,400,350,375,365,377,,488,365,,389,422,443,372,356,398,390,376,424,473,437,,,359,422,,,,412,406,418,348,463,347,437,461,391,381,374,404,324,,419,478,366,370,463,443,412,425,,419,,443,434,406,476,435
2015,347,392,410,483,359,399,507,497,360,398,372,394,381,403,448,413,381,401,335,399,445,390,357,342,378,371,368,458,401,362,503,390,436,452,357,452,406,356,413,,354,330,366,344,509,375,381,348,403,387,418,376,354,361,360,365,347,335,372,347,453,347,352,357,480,397,352,357,402,368,389,403,347,368,376,,413,376,354,417,411,336,373,407,423,385,437,374,417,386,,439,392,396,509,403,583,379,386,448,408,413,462,435,366,446,367,365,359,,405,391,393,425,374
2015,349,519,473,512,441,,513,482,463,457,412,,538,403,475,453,543,530,497,358,550,530,528,481,412,486,468,390,455,450,395,371,335,511,505,380,332,359,387,415,388,405,455,445,586,546,,460,480,394,419,453,398,457,599,398,348,427,428,445,360,415,354,474,505,573,442,474,,,447,580,501,400,466,394,391,462,421,490,447,433,,446,427,455,419,558,454,514,478,402,,480,400,417,404,460,440,,399,419,597,534,402,401,436,499,471,458,499,465,423,442,507
2015,350,,,,,,,,,,,,,,,,,,,,,,294,,,,,,,,,,,,,,,,,,,,,,,,,,,,,,,,,,,,,283,,,,,,,,,,,,,,,,,,,,,,,,,,,,,321,,,,,,,,,,,,,,,,,,,,,,,,,,
2015,351,401,429,475,377,425,358,374,452,317,430,,322,394,365,369,341,368,543,440,347,391,288,350,330,386,380,371,327,361,332,333,374,367,304,375,429,325,386,379,325,263,353,310,,338,283,295,351,392,392,379,361,318,376,367,393,,379,350,,405,446,624,451,327,379,431,440,420,385,424,367,360,434,392,363,358,402,,343,385,417,383,389,385,380,431,384,384,451,396,446,,447,,351,357,502,337,339,377,431,458,435,353,367,388,370,431,429,,409,508,383
2015,352,411,366,381,321,330,431,351,,384,379,379,357,,397,417,370,319,307,322,352,426,289,336,358,353,318,,335,327,335,319,311,367,420,349,309,312,373,309,273,361,314,422,363,353,314,311,358,318,411,330,361,355,380,348,382,355,343,356,315,326,324,362,415,333,349,409,359,373,400,348,334,398,316,390,331,327,321,319,401,356,398,446,,336,331,331,338,401,362,355,285,333,412,367,334,359,351,342,349,358,364,321,344,369,,520,413,367,377,364,342,394,345
2015,353,487,384,477,416,347,510,470,,721,655,,589,481,474,488,516,585,477,428,496,,502,331,398,408,393,471,435,417,440,342,404,378,421,433,435,412,484,481,253,352,437,419,372,530,403,452,434,396,413,426,435,392,389,450,390,373,412,380,461,417,337,508,474,322,441,392,420,459,429,434,436,406,,441,453,419,352,392,464,1639,449,3309,383,406,476,2192,467,495,446,441,413,389,436,395,419,468,466,459,384,321,409,352,376,387,319,532,471,2188,,,454,509,454
2015,354,377,396,469,527,531,466,,574,548,459,,539,451,521,340,452,527,436,,517,,,533,375,393,373,575,525,,431,,448,573,405,435,547,438,503,507,367,390,517,460,530,413,411,461,505,543,434,510,385,392,,350,492,400,574,,445,585,347,558,503,473,572,,524,,516,,530,402,572,586,,,,,468,469,,520,563,461,430,417,465,424,543,420,511,573,507,418,427,476,369,513,576,466,475,,547,475,381,425,391,473,532,405,475,364,399
2015,356,495,433,359,455,335,366,400,390,407,387,354,431,520,578,412,395,470,461,397,440,467,374,343,340,391,433,546,345,371,411,326,429,353,339,453,515,444,,411,461,362,346,411,411,396,374,423,423,335,369,452,454,520,328,357,487,394,374,365,352,366,422,356,351,291,432,343,418,387,433,452,410,349,346,437,306,396,391,298,407,333,482,364,303,417,379,465,446,364,301,346,396,454,366,340,306,367,376,336,399,431,402,532,475,579,336,398,460,309,414,388,388,320,400
2015,357,503,314,353,357,368,,406,341,358,473,342,458,333,374,351,472,498,392,465,354,339,311,384,309,290,366,370,354,299,383,301,286,,392,403,398,327,364,380,326,315,350,340,421,434,316,379,381,347,353,320,301,329,356,321,344,464,362,315,348,383,335,357,338,318,320,413,,388,364,,342,338,340,332,411,504,360,372,,358,360,363,421,400,,452,532,353,372,525,529,324,356,316,309,339,356,372,364,378,485,352,363,423,511,356,341,388,444,355,350,335,306
2015,358,471,738,487,429,,510,679,728,526,519,437,499,,460,448,587,538,386,703,625,397,486,438,526,,749,606,545,621,650,550,467,409,569,488,510,675,504,519,537,545,,647,453,451,408,503,398,465,738,,598,574,665,557,551,685,,546,443,471,475,,598,481,638,634,550,411,,,507,548,548,649,596,557,528,430,421,703,463,574,475,462,491,453,618,493,363,576,473,437,480,579,502,520,579,486,,450,746,437,714,476,466,444,418,468,601,742,475,537,514
2015,359,492,479,415,584,488,,397,543,500,445,490,602,455,419,417,546,389,420,464,535,510,482,680,497,480,497,430,,451,420,431,435,,634,431,483,420,442,468,397,440,467,476,427,425,558,510,510,433,711,415,450,595,441,478,503,465,454,479,460,486,513,463,,560,415,527,503,536,568,493,459,526,410,505,570,569,601,385,472,505,330,,433,435,461,440,474,438,384,365,446,491,481,456,416,490,543,494,415,428,443,505,548,409,495,499,431,458,,470,579,511,477
2015,362,582,490,503,623,,531,,,593,511,515,595,582,585,,552,466,590,,390,513,621,485,,460,410,465,580,562,421,413,366,481,444,406,445,489,450,386,,478,467,460,360,459,498,,476,404,553,409,371,329,466,467,482,,453,386,552,419,508,450,446,436,533,430,425,413,426,612,436,547,442,429,436,,481,608,589,451,422,424,431,438,340,355,395,455,376,389,306,,446,389,393,372,538,445,470,449,504,530,488,523,442,561,511,581,547,488,480,532,519
2015,363,,,,,,,,,,,,,,,,,,,,459,439,,375,,,,418,458,458,,460,431,402,418,446,,389,381,396,,,425,,406,,377,470,,407,,419,414,438,425,408,,420,464,397,,,,418,,,,435,404,439,,,,,,465,431,,,423,,405,,,409,440,372,464,,,427,,455,450,,,410,,,453,,421,,,,,,450,,,,,448,,
2015,364,497,465,456,347,372,391,363,401,351,458,453,330,503,360,432,349,329,406,411,461,362,339,374,423,381,313,459,345,395,368,366,379,381,383,373,,399,492,379,366,431,342,373,426,409,297,343,378,520,463,432,384,311,436,462,405,421,419,376,445,343,442,397,417,351,420,389,365,349,344,440,300,379,363,534,304,331,322,315,335,410,557,440,307,347,413,324,474,479,351,,384,522,471,405,411,406,386,399,382,312,364,412,511,496,316,344,386,398,473,391,391,432,419
2015,367,300,408,377,316,354,349,,426,453,423,371,475,398,393,497,350,382,474,322,360,325,391,324,401,464,453,460,433,,,336,413,402,472,396,,,401,452,318,436,,424,354,279,381,343,416,350,319,419,422,425,339,388,,436,433,325,351,408,390,364,394,338,345,388,459,460,500,333,324,358,473,323,325,350,278,389,,509,437,358,348,353,358,348,366,409,453,485,277,439,344,334,309,348,373,386,364,360,,,321,,334,366,389,396,326,341,312,345,354
2015,411,,,,530,,,,,,,556,458,555,526,,,549,502,444,,427,366,553,407,376,,,,,404,,384,505,386,,561,479,,507,328,528,,,548,,497,,,504,550,,464,498,476,497,516,457,,353,457,507,413,495,514,375,,560,,519,414,478,,,443,558,467,458,,483,,480,,478,405,540,470,527,352,,500,378,323,426,387,487,,345,405,394,292,497,560,507,415,520,437,492,543,,,,,,519
2015,415,,,,,,,,,,,,302,,,,,,,,,,,,,,,,,,,,,,,,,,,,,,,,,,,,,,,,,,,,,,,,,,,,,,,,,,,,,,,,,,,,,,,,,,,,,,,,,,,,,,,,,,,,,,,,,,,,,,
2015,419,,340,,,,,,,,,,,370,,,,,369,334,332,,407,371,,,387,,421,,,344,399,,,,,,420,423,400,395,359,339,,412,336,,,389,,,,379,,,,389,385,389,408,360,357,323,,361,,,,,,403,,,,353,342,414,343,406,408,,398,371,344,,,422,,,372,399,,,,,388,,,,,395,414,,385,,,,,385,,405,353,373,410
2015,421,,,,,,,,,,,,,343,,,,,,,,,,,,,,,338,,,,,,,,,,,,,,,,,,,,,,,,,,,,,,,,,,,,,336,,,,,,,,,,,,,,,,,,,,,,,,,,296,,,,,,,,,,,,,336,,,,,,,,,,
2015,422,544,537,,,,,,504,605,,,582,562,,,,610,,472,408,502,523,494,461,510,609,506,504,551,,613,616,642,549,608,646,507,467,555,,514,562,529,,450,553,565,501,481,,,555,,565,632,,637,603,564,624,568,527,,,611,,568,,570,613,622,,494,643,609,,,,,,,493,,,,,622,,,570,,565,646,,611,,,,,638,562,648,,,,,,,554,,613,591,,
2015,427,,,,,,,,,,,,,,,,,,,,,,,,,,,,,,,,366,394,,,,,,,,,,,,,,,,,,,,,,,,,,,,,,,,,,,,,,,,,,,,,,,,,,,,,,,,,,,,,,,,,,,393,,,,,,,,,,,,,,
2015,437,,,,309,,,,,,,,,,,,,,,,,,,,,,,,,,,,,,,,,,,,,,,,,,,,,,,,,,,,,,,,,,,,,,,,,,,,,,,,,,,,,,,,,,,,,,,,,,,,,,,,,,,,,,,,,,,,,,
2015,443,,,,334,338,,,,,,,,,,,,336,,,,,326,,,,,,,,306,311,,,337,,,,,,308,,,,,328,322,,319,,,,,,310,,,,,,,,318,,,322,,,,,,,,,,334,,,,305,,333,,308,328,,,,,,,,,,,326,,268,,,,313,,,,,309,,,,,,,,
2016,122,416,455,364,290,341,397,367,355,408,,548,457,445,379,,471,416,345,373,427,306,385,328,309,375,424,458,270,405,466,441,411,516,419,402,309,,361,475,400,383,389,324,397,342,340,508,328,363,537,397,323,350,480,355,365,299,444,401,323,329,343,334,419,293,359,424,577,348,369,,368,372,455,,389,325,338,411,443,506,458,,357,350,358,345,569,519,332,381,318,410,418,441,330,382,,366,425,457,334,517,364,373,541,355,361,,,512,346,317,453
2016,123,,444,598,,426,,525,490,616,480,584,,407,,,,451,534,500,462,537,584,522,397,562,526,551,437,470,558,544,458,478,371,542,621,,573,425,608,462,512,506,,354,478,470,548,544,433,396,637,540,482,,630,,631,496,466,376,403,445,614,542,472,555,468,399,318,,466,535,536,420,433,614,484,438,545,434,587,,480,405,562,363,,,479,556,428,614,606,514,337,435,,,565,571,,605,576,497,391,524,466,357,,,491,,413
2016,124,639,440,503,631,389,379,509,319,401,399,518,431,472,453,454,405,405,,405,555,445,387,451,517,427,590,528,483,493,331,525,448,555,317,,483,396,500,490,324,388,414,403,478,501,438,366,439,509,423,460,369,404,391,453,489,489,388,491,526,480,500,653,490,356,376,617,489,441,477,511,395,460,468,431,422,361,457,386,447,406,600,416,401,483,448,387,480,417,401,476,482,454,438,333,321,605,422,468,603,478,385,346,550,424,420,425,431,651,,,512,589,548
2016,126,429,373,384,319,,398,396,383,360,376,576,367,404,318,418,327,405,482,,430,345,406,364,344,322,304,460,427,407,438,343,384,411,440,356,333,337,397,341,352,396,392,358,354,,372,415,361,450,394,425,302,531,356,297,300,441,356,339,435,340,325,379,347,346,326,325,332,353,375,486,374,316,361,357,,319,307,364,363,380,454,,393,516,421,370,382,,385,518,350,476,353,357,332,360,455,387,309,401,371,464,357,342,416,370,348,294,401,358,453,,421
2016,129,,,,,,,,,,,,,,,,,,,,,,,,,,,,,,,,,,,,,,,,,,,,,,,,,,,,,,,,,,,,,,,,,,,,,,,,,,,,,,,,,,,,,,,316,,,,,,,,,,,,,,,,,,,,,,,,,,300,
2016,132,327,,,281,,339,345,,,,,350,,,326,,299,313,,337,,,258,264,,,298,324,,,325,298,,280,338,335,330,339,,350,342,,350,342,,,338,334,269,332,343,,,,,,350,337,325,,312,311,333,313,,,300,,,,,323,318,274,329,,,303,,334,298,328,,290,,,334,,,,255,252,268,,311,295,,337,,291,,,,342,,,343,,332,,,,303,284
2016,138,,377,528,298,317,362,337,338,345,460,,271,343,557,452,328,612,296,,548,,363,428,247,353,307,549,612,,481,354,390,,349,,421,470,,390,435,458,434,354,442,505,346,409,333,,449,381,394,328,390,256,366,445,365,270,614,302,389,346,417,312,321,371,610,517,,517,411,345,288,277,403,426,325,532,345,,507,405,369,521,481,585,486,444,393,296,300,,323,464,,376,,358,324,520,409,328,,316,346,291,,464,399,358,,337,392
2016,140,,263,,,,,,,,,336,369,,,,,,314,332,,,,356,,,333,,293,,,333,312,291,253,,,,,272,,,,372,,313,,,,,,,368,302,,,,336,308,320,,283,307,282,354,,,,,246,218,,260,373,320,,298,345,360,,,303,,,,,,,,,322,365,,369,,,303,323,,325,319,352,,335,320,307,291,,,,,,,339,
2016,146,,,,,,,,,,,,,,,,,,,,,,251,,,,,,,,,,,,,,,,,,,,,,,,,,,,,,,,,,,,,,,,,,,,,,,,,,,,,,,,,,,,,,,,,,,,,,,,,,,,,,,,,,,,,,,,,,,,
2016,147,,,357,,342,304,,323,298,,,306,,,337,,,360,,,,341,,,375,300,,,327,297,,322,,375,,,,,,,343,346,325,366,319,345,,330,,,,,346,375,377,,,306,,,325,330,295,,349,349,292,,,,,357,337,339,,296,302,336,288,342,339,373,,342,303,,354,,,287,345,,,,,339,,,,373,,324,342,362,,342,,338,,,,,,301
2016,503,364,327,,353,,,,356,328,346,355,,312,317,355,330,342,300,,345,362,322,299,299,364,307,,,,299,288,330,,279,,359,334,,346,269,342,334,320,358,317,291,332,344,,349,359,320,297,342,324,352,,314,348,354,338,339,353,,336,343,,,,,314,360,350,336,317,346,,316,310,,,337,315,358,,,,333,320,328,305,294,364,355,270,,280,,,333,338,360,,347,317,330,,342,359,359,354,338,309,309
2016,508,339,337,392,404,384,404,374,,397,402,,,330,,382,398,324,347,347,351,346,291,358,298,367,330,336,357,327,358,,,313,297,352,347,377,347,328,346,348,373,386,,317,309,324,347,363,332,334,302,366,,401,341,362,405,340,391,387,,399,,373,,391,358,393,380,397,391,363,388,355,319,342,314,377,364,407,342,407,,334,389,,365,339,369,333,375,359,373,,353,355,,364,346,351,,,319,,323,405,,,,351,,,
2016,509,,,,,353,353,343,,359,,,371,388,334,,,335,,359,339,350,320,354,368,308,353,,363,381,362,386,367,377,349,384,359,374,,,,,,,,381,348,,,,,377,,,384,,,,387,,,,,389,376,324,,,377,368,,,370,,,378,355,360,370,388,,,,347,377,371,,,,362,,385,296,,,,365,380,,364,,344,,,,,299,,341,331,388,,318,322,293
2016,510,,410,,,,397,407,,401,,354,,,392,,,,410,,367,,,,,,,,,,,,,,,,,,,,,,,,,,,,356,,351,386,379,,,373,362,360,,417,,,,,,408,,359,,,401,,341,,,342,,,,310,,,,,369,,,383,,,,,410,,,,,,,,,,,,,391,,,,,388,319,398,353,419
2016,511,,,,,,,,,,,,,,,,,,,,,,,,,,,,313,,,,,,,,,,,,,,,,,,,,320,,,,,,,,,,,,,308,317,,,,,,,,,,,,,,,,,,,,,,,,,,,,,,,,,269,,,,,,,,,,,,,,,,,315,,269
2016,513,413,344,413,336,353,398,359,373,306,331,382,309,318,359,334,325,313,342,386,312,320,373,327,319,352,327,366,321,366,392,360,400,396,332,333,390,371,369,334,326,361,386,368,396,300,325,358,368,342,397,301,318,391,363,341,323,406,316,409,369,322,306,,420,292,327,,355,385,366,342,325,313,321,364,448,402,327,314,392,414,409,353,378,333,301,330,271,310,317,235,282,324,378,300,324,328,336,301,276,330,320,363,338,352,272,335,425,322,,354,369,341,353
2016,516,354,423,380,436,328,365,430,317,369,409,348,378,296,320,358,348,418,526,296,442,,347,371,291,356,331,374,296,362,385,313,357,342,307,357,357,382,397,,320,378,343,374,347,327,341,352,342,362,358,378,476,385,,340,392,359,374,347,356,347,296,416,380,400,380,346,335,332,339,501,415,424,342,404,466,500,344,361,408,348,371,333,320,403,367,314,348,358,306,426,384,400,446,341,392,557,458,418,,537,381,493,374,409,394,359,384,362,375,443,394,319,367
2016,517,,,,,,,,,,,,,,,,,,,,,,,,,,,,,,,,,,,,,,,,,,,,,,,,,,,,,,,278,,,,276,,,,,,,,,,,,,,,,,,,,,,,,,,,,,,,,,,,,,,,,,,,,,,,,,,,,,,,
2016,518,,,,,,344,,,,,,,,,,,,,,,,,,,,,,,,,,,,,,,,,,,,,,,,,,,,,,,,,,,,,,,,,,,,,,,,,,,,,,,,,,356,,,,333,,,,,,,,,,,,,,,,,,,,,,,,,,,,,,
2016,520,454,502,587,414,482,531,386,530,532,497,452,,352,459,449,519,384,405,448,421,429,431,347,347,568,471,425,361,466,460,324,397,453,564,377,290,302,433,,597,,562,456,542,619,378,506,436,500,435,466,450,495,501,536,438,415,,412,421,512,416,459,549,465,639,,460,474,578,448,442,555,449,636,558,,,,,647,403,563,452,572,484,446,522,545,561,435,489,389,,507,417,410,601,536,468,,625,574,380,618,627,,479,672,526,595,565,601,497
2016,522,747,583,440,386,418,449,459,370,473,642,419,578,630,526,545,466,374,454,742,400,466,307,567,415,328,421,603,398,428,434,400,391,461,471,535,487,464,599,537,861,390,492,389,628,680,428,,455,560,545,406,446,415,475,338,,648,,506,462,297,416,434,787,463,445,422,434,431,328,656,324,423,326,395,451,377,380,287,648,444,385,466,420,423,361,398,,471,424,352,342,547,438,410,506,402,432,379,390,306,441,413,497,392,344,404,403,840,498,384,481,398,387
2016,524,,,,,,,,302,,,,,,,,,,,,,,,,,,,,,,,,,,,,,,,,,,,,,307,,332,,,326,,,305,314,,,,,,,,,,,,,329,,,,,330,,311,,324,,,333,,321,,,,,,326,,,319,,,,,281,,311,,,288,260,,,,330,,,,,,,,301,321
2016,525,338,373,438,348,347,,388,364,418,486,338,294,346,270,324,442,,477,354,349,309,203,325,296,361,306,476,325,338,,235,272,305,319,357,,402,385,312,,250,309,355,343,353,313,347,,332,333,335,360,333,310,310,302,346,,,462,344,356,396,493,448,433,325,359,434,381,396,351,316,340,316,311,295,250,270,287,364,371,442,319,307,321,,,424,,315,304,354,393,384,351,346,448,388,354,359,339,366,,379,286,,315,390,365,379,,281,348
2016,528,361,329,,,332,,,,331,,,363,,,,,358,327,318,327,350,299,319,327,326,328,,,321,344,294,334,,352,301,,,326,,354,,,,351,,,,,,,,,,,,,,,,341,363,,,367,,344,,366,,328,,360,355,340,,358,,,339,369,358,350,,,336,334,316,,,329,,340,,,,360,362,,,,345,356,,,369,338,,,,340,351,,,342
2016,529,390,,,386,383,355,,371,379,376,418,340,,,,,,402,,,417,401,,354,,333,407,,,351,,,420,368,367,,,,,343,343,388,400,,280,381,,321,379,359,348,363,,,374,401,386,390,,406,,332,401,,345,380,397,372,,,,332,369,392,,314,358,388,334,356,,367,410,345,,327,319,388,375,,343,345,400,,390,332,322,371,384,361,336,412,388,395,376,,335,307,,,383,368,368,387
2016,530,344,375,329,377,379,,297,317,360,,382,299,393,315,298,,385,306,375,303,358,347,357,,420,329,341,371,329,305,,320,413,342,413,414,321,357,320,343,350,345,321,324,312,335,339,380,371,351,336,378,361,400,316,384,,,357,370,,312,330,372,326,359,424,385,409,417,353,325,389,300,330,281,332,364,312,,387,415,,348,338,300,290,357,424,283,394,376,383,357,,312,325,309,349,281,353,323,312,349,345,280,347,311,,339,419,338,295,319
2016,550,,,,,,,,,,,,,,,,,,,,,,,,,,257,,213,,,213,233,,,,,,,,234,,,,,,,,215,,,,,,,,,,254,,,258,,,,228,,,,,,,,240,,,,,,,,,,,,,,,,,,,,,,,,,,,,246,,,,255,,,,,,,,,
2016,552,,,,263,,,,,,,268,,,,,,,,,,,,266,263,,,,,266,,243,,,,,,,,,259,,,,,237,,,,,,,,,,267,,261,,,,245,,,,237,,,,,,,,,,,,,,,,,,,,,,,,,,,,,,,,,,,,,,,,,,,,,,,,,
2016,553,359,317,313,286,318,362,284,300,325,308,348,335,292,334,333,312,410,343,354,320,377,337,410,350,282,383,364,338,315,375,274,331,311,284,393,293,416,327,385,300,282,333,332,311,337,316,341,305,377,324,377,300,338,310,392,375,388,284,339,406,330,315,350,338,297,314,356,342,367,,352,446,314,346,320,331,329,371,319,330,303,408,332,324,345,418,333,394,395,332,344,270,348,322,366,325,313,370,323,318,302,330,348,315,318,293,341,316,318,327,377,320,296,313
2016,554,,,,241,,,,248,,,,,,,,,,,249,,,273,,,273,,,249,,268,233,,,,,,,269,,,,,,,263,,,,268,,,,,,,,,,,,245,,,,,,,,,263,,,,,,,,,,,,,,,,,,,,,,,,,,,,,,,,,,,,,,,,,,,,
2016,556,,,,,,,,,,,,,,,,,,,,,,,,,,,,,,,,,,,,,,,,,,,,301,,,,,,,,,,,,,,,,,,,,,,,,,,,,,,,,,,,,,,,,294,,,,,,,,,,,,,,,,,,,,,,,,,,,,,,
2016,561,355,,,,,,,,,,,,,,,,,,,,,,,,,,,,,357,,,,,,,,,,,,,,371,,366,,,,,,,,,,,,387,,,389,,,383,,,,,356,,,370,,,,376,,,264,349,316,,377,,,364,,,,,,325,,,,373,,,,,,,,,,,,,,,,388,,376
2016,564,315,417,394,365,527,346,373,326,348,359,352,344,344,489,648,523,421,408,304,340,395,340,364,320,368,299,326,266,252,320,368,316,316,280,304,329,420,306,388,405,346,411,330,344,357,336,489,592,335,369,390,605,315,680,371,340,384,429,368,417,366,490,312,401,309,445,465,350,326,334,368,298,286,319,340,337,453,437,339,452,450,397,407,389,356,402,409,588,602,309,450,547,378,430,496,,398,650,369,652,715,,308,373,422,467,547,361,462,406,391,416,474,294
2016,567,,,,,,,,,,,,,,,,,,,,,,,,299,,,,,,,,,,,,,,,,,,,,,,,,,,,,,310,,,,,291,,,,,,,,,,,,,,,,,,,,,,,,,,,265,263,,,,,,,,,,,,,,,,,,,,245,,306,,,,,,310
2016,569,329,304,325,341,348,465,437,490,287,,315,398,341,399,383,326,363,309,308,337,,391,340,290,324,320,,302,344,318,268,476,405,323,396,,469,428,363,253,348,408,493,424,296,334,,356,422,339,309,290,321,323,390,284,298,315,321,344,336,297,341,428,292,334,415,469,367,351,,339,361,440,309,373,468,309,310,362,332,404,309,366,301,334,358,321,360,445,258,284,,436,280,381,368,274,332,377,306,416,344,380,310,325,332,,,341,301,449,287,306
2016,570,,359,,,,,,,,,,,289,,,,,,279,342,330,330,321,330,293,,338,361,372,278,371,,,283,,292,313,376,369,313,276,306,,342,333,323,343,292,312,312,352,342,,366,308,,381,300,332,289,284,292,,349,328,342,,,339,,320,,,,,,,,,336,365,307,,,333,347,,350,,300,296,304,323,,,307,323,,,368,,,359,220,370,323,,,316,,,318,,
2016,571,315,431,374,322,570,372,358,587,439,499,519,383,517,456,448,488,501,427,388,375,871,660,543,517,616,489,594,556,482,460,401,331,346,434,537,602,521,,690,336,472,483,507,405,515,651,441,628,270,671,635,549,570,456,599,579,566,449,534,558,418,508,510,428,537,499,540,452,450,,551,513,525,463,566,429,495,483,396,389,430,634,515,412,412,447,428,519,495,405,474,306,818,408,528,295,358,470,434,474,710,651,623,396,588,322,406,490,577,585,537,633,525,408
2016,575,,,,,,,,,,,,,301,,,,,,,,,,,,,,,287,,,,,,,,,,,,313,,,,,,,,,,,,,,,,,,,,,,,,,,312,,,,,,,,,,,,,,,,,,,,,,,,,,,,,,,,,,,,,,,,,,,,,,,,
2016,577,340,461,489,411,502,450,456,416,357,467,446,512,284,462,508,392,346,334,290,551,421,471,405,369,418,451,459,376,471,323,329,452,401,344,388,417,406,352,325,361,383,429,459,387,451,359,425,480,379,563,319,364,397,388,,397,380,,284,,283,359,517,583,324,394,550,470,417,436,,434,393,529,412,469,449,301,465,472,465,350,380,488,489,433,400,484,430,440,428,276,455,444,349,429,387,497,,465,473,448,683,429,380,348,397,362,379,,369,584,296,380
2016,650,,660,765,,,750,681,731,581,,,607,514,501,466,,,728,943,501,716,587,576,,521,767,,,665,690,552,513,914,558,472,539,483,581,634,724,483,,968,497,499,542,540,514,573,,522,497,,810,578,460,535,525,,673,625,555,647,529,,679,532,519,704,555,705,661,,396,,575,551,688,569,500,861,877,570,909,681,517,557,608,602,555,541,498,515,575,487,,446,818,623,722,701,983,976,429,638,613,490,746,987,,621,923,,
2016,652,,314,,395,,317,272,,295,296,321,327,281,279,260,319,360,339,312,,336,408,342,405,385,,,344,356,252,322,,353,374,293,282,298,375,,,256,,377,386,380,300,288,298,377,332,297,325,342,294,306,326,350,291,342,,366,333,375,328,315,367,407,362,377,345,,350,367,398,379,378,372,309,343,290,350,,313,341,410,363,379,,368,362,315,339,,340,345,320,289,401,389,343,,301,389,331,298,326,355,275,324,292,285,339,371,299
2016,653,,387,391,339,353,340,388,383,,400,330,379,347,330,316,427,303,,382,335,406,334,329,304,368,343,389,,,438,,288,379,315,371,397,393,372,478,342,309,389,351,387,332,338,341,,418,390,,350,336,366,,,354,372,364,437,336,355,345,356,341,,375,347,354,419,,336,352,285,414,370,,330,,308,368,361,346,345,271,365,366,365,434,303,333,355,365,393,,459,438,,388,318,345,,,356,335,368,317,,356,339,316,372,311,473
2016,656,,,,,,,,363,,,361,341,350,,,,352,362,358,365,,355,338,358,360,352,,324,,,,,,349,363,333,258,,,316,,,,,352,,339,341,,,,349,,326,314,,,349,,,357,,,,356,,,,,,,356,,,343,324,365,357,340,,,,,,,,,350,,367,,323,345,,325,326,359,,,,,,,,,327,,,,,,,,353
2016,659,319,,,,,347,,,,,,,,,,316,,,,,,,,,,,,314,,350,,,,,,,,324,,,,341,,,319,,358,,,,,,,,,,,,,336,352,324,331,,,,,,361,,,355,323,313,,,359,,,,,336,,,,,357,,,332,,,,,,,,,,347,357,,,,351,,344,330,349,,325,,,
2016,661,,,,,,,,,,,,,,,,,,,,,,,,,,,,,,,,,,,,,,,,,,,,,,,,,,,,,,,,,,,,,,,,,,,,,,,,,,,,,,,,,,,,,,,,,,,,,,,,,,,,,,,,216,,,,,,,,,,
2016,663,,523,386,302,568,469,351,413,373,419,363,403,497,372,431,377,399,409,466,514,484,505,466,444,359,396,,388,327,591,404,466,421,304,307,329,312,,494,326,354,500,357,381,398,361,516,382,530,377,327,374,414,554,373,303,326,365,404,496,363,302,,,293,474,372,,525,452,578,364,,382,378,601,352,326,319,348,461,520,396,371,363,323,372,383,493,421,380,422,,381,343,388,445,357,321,,491,321,377,478,372,401,323,349,413,379,481,300,404,528
2016,665,493,439,,624,543,428,510,532,592,642,,577,435,469,537,493,561,534,614,644,,,,558,,603,403,406,,529,,,,,,,614,547,,408,418,505,,596,615,615,526,,566,,,504,,610,545,539,631,498,621,541,574,,602,,615,664,582,518,656,388,618,612,645,359,460,447,657,555,470,513,465,478,608,454,545,487,567,,570,526,486,501,588,342,476,401,615,472,324,404,525,635,627,553,534,,536,395,,631,,534,478,515
2016,668,,,338,,,333,,,,,330,337,,,325,,,,,,,,328,,,,,334,,334,337,313,340,313,328,,333,,332,,,,316,,,,,,,,346,,,,,337,,,,,,,,341,,,,339,337,327,,,,,,,334,,338,,,,346,340,323,,326,,,,,,,,,298,333,336,,,319,,323,,,336,320,,337,,,,,312
2016,670,,,,,528,,695,690,,,,,,704,,,,,,,,,,,,,,,,,,545,656,,,,,,,,,,,,,,,,,,,,,,,,,,,,,,,702,,,,,,,,712,,,,,,,700,,,,,,,,676,,,,,,,,,,,,,,687,,718,,,,,,,,,,,
2016,672,425,366,408,,,,294,402,353,,,,345,,,415,319,,405,,,,,431,,,429,,,,360,,,,301,421,420,429,,,,,,,328,414,408,,354,,395,,,390,433,401,,424,,428,412,412,,,413,337,,431,,422,390,377,,,384,,,,,409,417,362,,429,,,,360,,367,394,373,403,,379,390,,,,,,,257,325,263,406,393,,,,339,,415,
2016,674,,,370,,349,361,,,,,,,,,377,,,355,,,,,,,353,,,,,,,,369,,,,,,,,358,,370,355,,347,357,,,,,,,,,322,,,324,,344,356,359,344,305,,,,,,,,320,334,299,298,358,,338,,248,,,377,349,314,,245,340,356,298,,,,370,319,359,,,,324,,,,344,335,358,,,,362,,,
2016,679,,356,340,,,361,,,340,,,,,,357,,374,,358,,,,302,331,,,,335,342,321,,397,,393,,,,,,,375,,399,,,327,,347,342,,,393,332,364,315,,367,,,378,,343,,,403,,386,,,,,345,,362,345,309,,,,,372,,,,406,,,,,391,,,,395,,,403,,331,339,322,378,,384,,,349,339,377,,350,,,331
2016,708,,,,,,,,,,,,,,,,,,,,,,,,,,,,,,,,,,287,,,,,,251,,,,,271,,,286,,,,278,,,,,,,,,,,,,,,,,,,,,,,,,,,,,,,,,,,277,,,,,,,,,,,,,260,,,,,,,,,,,,,,
2016,712,493,564,442,537,,,,,487,568,439,,,,,,351,457,475,,,486,538,433,535,462,549,486,375,,413,551,,476,458,552,443,516,424,395,557,369,382,405,549,,414,365,,378,365,,524,379,547,417,315,487,,515,361,,,450,365,,477,,,,544,357,,444,416,431,343,,518,447,444,503,496,435,419,422,392,,504,408,467,351,569,421,435,408,,,,435,404,477,,,,375,407,553,362,,,,485,
2016,713,,404,395,371,395,,,399,,392,,,,339,,,,,,,,,402,,,,,,,,362,,,,,,379,,,,,,,,,,,,,,,,,401,385,,,,,,388,,332,,,,,,,,,,,,,,,,,,,,,,,,,,,335,389,333,,,,,393,,,393,,,,,,,,,,,,401,,
2016,715,,,,,,,,,,,,,,,,,,,,,,,,,,,,,,,,,,,,,,,,,,,,,,314,,,,,,,,,,,,,,,,,,,,,,,,,,,,,,,,,,,,,,,,,,,,,,,,,,,,,,,,,,,,,,,,,,,,
2016,721,,,,,,,,,,,,,,,,,,,,,,,,,,,,,,,,,,,,,,,,,,,,,,,,,,,,,,,,,,,,,,231,,,,,,,,,,,,,,,,,,,,,,,,,,,,,,,,,,,,,,,,,,,,,,,,,,,,
2016,756,,,,,,,,,,,,,,,,,,,,,,,,202,,,,,,,,,,,,,,,,,,,,,,,,,,,,,,,,,,,,,,,,,,,,,,,,,,,,,,,,,,,,,,,,,,,,,,,,,,,,,,,,,,,,,,,,,,
2016,765,533,436,453,374,547,384,449,399,508,459,440,450,442,546,432,459,425,389,472,422,492,405,351,598,428,531,816,399,469,487,393,417,396,385,495,691,448,,456,391,478,385,477,363,416,390,571,393,,525,418,399,503,352,414,498,396,418,491,,415,422,370,531,374,584,544,451,343,373,514,384,379,618,595,566,571,389,484,484,383,474,484,398,505,425,377,632,511,660,547,426,473,427,475,434,574,435,497,382,478,499,400,405,563,514,392,367,353,812,418,385,522,548
2016,805,,,,,,,,,,,,,,,,,,,,,,,,,,,,,,,,,,,,,,,,,,,,,,,,,,,,,,,,,,,,,,,,,,,,,,,,,,,,,,,,,,,,,,,,,,,,,,237,,,,,,,,,,,,,,,,,,,,
2016,822,376,471,356,347,353,471,354,347,341,367,352,406,487,385,371,361,336,351,467,627,590,458,592,637,508,512,436,539,525,457,455,586,402,501,409,488,384,372,432,472,462,473,480,419,389,600,378,386,461,398,361,348,389,397,382,331,391,343,399,1624,329,328,361,458,352,317,361,351,377,346,,834,473,603,334,388,357,377,352,346,314,997,396,293,402,374,334,345,349,359,343,364,697,462,344,,351,409,397,385,428,402,358,512,323,376,378,352,411,343,338,403,322,331
2016,854,,,,,,,,,,,,,,,337,,,,311,,,343,320,309,,,,,283,315,303,,,342,323,,,,,,343,345,,,,,,338,,,,344,334,,,,,,,,,,,,307,,324,,,317,,328,,294,,313,,,329,,,,,309,,338,,342,324,,306,316,,,,296,290,,327,315,,,331,,317,328,,,322,,,,,316
2016,858,,,338,330,301,369,,363,,,,340,,351,,373,,337,,329,,,,,,356,,341,339,310,304,374,,,,,,,,,,,335,,,311,360,,,,,,,366,359,,,370,,,,,371,,,,351,,,362,,,,,,321,,,347,,330,,,,,328,364,,,363,357,,,312,347,374,291,,348,358,333,,,,,308,,310,328,,,,364,
2016,859,327,334,337,,,,,,,,,,,,,,301,,321,298,,,,,,335,,,328,317,,303,343,333,304,,309,,,323,312,309,,,,296,340,337,,,,,,,335,331,,,309,,324,,,,,338,,,,,,,,,,,,,,331,341,,,,,,,342,,295,295,294,,319,297,317,,,,,339,,,,,231,,328,295,,,,,
2016,860,,376,372,330,332,339,389,,366,,377,,,,,,,347,351,375,,393,340,321,371,348,,372,311,390,337,,,366,348,357,341,,383,233,400,,,,366,,363,382,,394,319,343,,,358,,327,379,374,,402,392,,,,401,,,,,,,,373,326,,,350,,,,379,338,,,305,375,363,358,343,330,347,,385,291,383,340,346,,331,343,,362,372,376,365,398,363,,393,362,,351,356
2016,862,,,,315,,,337,,,,333,345,,,318,,,,,,345,336,,,,,,,344,,,,,333,,,,,,334,337,,,,293,,326,,,,331,,,,341,,,,336,,289,,340,,342,,294,,,326,,,332,,333,336,339,345,,,,,327,300,,,326,341,,,344,,344,,324,,,,336,338,315,,,,,,,,,,,307,337,
